{
  "run_label": "contrast",
  "n_trials": 300,
  "n_scenarios": 20,
  "candidate_model": "openrouter/google/gemini-2.5-flash-lite",
  "judge_model": "openrouter/openai/gpt-4o-mini",
  "judge_family": "openai",
  "ranking_condition": "baseline",
  "primary_score_mean_recall": {
    "point": 0.6730769230769231,
    "ci_95": [
      0.5550603513690087,
      0.7910934947848376
    ]
  },
  "per_class_recall": {
    "current": {
      "point": 0.8461538461538461,
      "ci_95": [
        0.739446803600215,
        0.9142290593301149
      ]
    },
    "prior": {
      "point": 0.5,
      "ci_95": [
        0.2992980081982124,
        0.7007019918017876
      ]
    }
  },
  "per_pack_recall": {
    "bank": {
      "point": 0.6730769230769231,
      "ci_95": [
        0.5550603513690087,
        0.7910934947848376
      ]
    }
  },
  "clarify_rate": {
    "point": 0.2,
    "ci_95": [
      0.1333669333310325,
      0.28882916559315885
    ]
  },
  "abstain_rate": {
    "point": 0.0,
    "ci_95": [
      0.0,
      0.03699349820698565
    ]
  },
  "coverage_rate": {
    "point": 0.8,
    "ci_95": [
      0.7111708344068411,
      0.8666330666689674
    ]
  },
  "manifest_versions": {
    "benchmark_version": "v1",
    "judge_prompt_version": "v1.1.0",
    "schema_revision": 3
  },
  "config_snapshot": {
    "trials": 5,
    "temperature": 0.0,
    "pack": "adversarial",
    "no_camera": false,
    "enable_repair": null
  },
  "_note": "Generated from transcripts.jsonl. Full transcripts are gitignored as of v1.1; regenerate via `python -m benchmark.v1.run --output-dir <run_dir>`."
}
