{
  "run_label": "ablation-no-camera",
  "n_trials": 750,
  "n_scenarios": 50,
  "candidate_model": "gemini/gemini-2.5-flash-lite",
  "judge_model": "gemini/gemini-2.5-flash-lite",
  "judge_family": "gemini",
  "ranking_condition": "baseline",
  "primary_score_mean_recall": {
    "point": 0.14393939393939392,
    "ci_95": [
      0.09061910542194407,
      0.19725968245684378
    ]
  },
  "per_class_recall": {
    "current": {
      "point": 0.12121212121212122,
      "ci_95": [
        0.07985230358350204,
        0.17980820353905713
      ]
    },
    "prior": {
      "point": 0.16666666666666666,
      "ci_95": [
        0.09313176979191456,
        0.2803161316361453
      ]
    }
  },
  "per_pack_recall": {
    "bank": {
      "point": 0.14393939393939392,
      "ci_95": [
        0.09061910542194407,
        0.19725968245684378
      ]
    }
  },
  "clarify_rate": {
    "point": 0.64,
    "ci_95": [
      0.5787949527342393,
      0.6969677234070362
    ]
  },
  "abstain_rate": {
    "point": 0.24,
    "ci_95": [
      0.19124884041749643,
      0.29662047532013464
    ]
  },
  "coverage_rate": {
    "point": 0.12,
    "ci_95": [
      0.08536319974216684,
      0.16613810787437097
    ]
  },
  "manifest_versions": {
    "benchmark_version": "v1",
    "judge_prompt_version": "v1.1.0",
    "schema_revision": 3
  },
  "config_snapshot": {
    "trials": 5,
    "temperature": 0.0,
    "pack": "canonical",
    "no_camera": true,
    "enable_repair": null
  },
  "_note": "Generated from transcripts.jsonl. Full transcripts are gitignored as of v1.1; regenerate via `python -m benchmark.v1.run --output-dir <run_dir>`."
}
