{
  "run_label": "baseline-alt",
  "n_trials": 750,
  "n_scenarios": 50,
  "candidate_model": "gemini/gemini-2.5-flash",
  "judge_model": "gemini/gemini-2.5-flash-lite",
  "judge_family": "gemini",
  "ranking_condition": "baseline",
  "primary_score_mean_recall": {
    "point": 0.7765151515151516,
    "ci_95": [
      0.7127860596209661,
      0.8402442434093371
    ]
  },
  "per_class_recall": {
    "current": {
      "point": 0.9696969696969697,
      "ci_95": [
        0.9310326534919701,
        0.9869883176760568
      ]
    },
    "prior": {
      "point": 0.5833333333333334,
      "ci_95": [
        0.4572808102264012,
        0.6993572144165838
      ]
    }
  },
  "per_pack_recall": {
    "bank": {
      "point": 0.7765151515151516,
      "ci_95": [
        0.7127860596209661,
        0.8402442434093371
      ]
    }
  },
  "clarify_rate": {
    "point": 0.04,
    "ci_95": [
      0.021869911954542545,
      0.07205272358126645
    ]
  },
  "abstain_rate": {
    "point": 0.04,
    "ci_95": [
      0.021869911954542545,
      0.07205272358126645
    ]
  },
  "coverage_rate": {
    "point": 0.92,
    "ci_95": [
      0.8796703567961585,
      0.9476176716276682
    ]
  },
  "manifest_versions": {
    "benchmark_version": "v1",
    "judge_prompt_version": "v1.1.0",
    "schema_revision": 3
  },
  "config_snapshot": {
    "trials": 5,
    "temperature": 0.0,
    "pack": "canonical",
    "no_camera": false,
    "enable_repair": null
  },
  "_note": "Generated from transcripts.jsonl. Full transcripts are gitignored as of v1.1; regenerate via `python -m benchmark.v1.run --output-dir <run_dir>`."
}
